Split #,Precision,Recall,F1
0,0.9452884577859303,0.9252701533950429,0.9351721898582419
