Split #,Precision,Recall,F1
0,0.9449386737251902,0.9246206920942556,0.9346692771143514
