Split #,Precision,Recall,F1
0,0.8651592672908874,0.9193960652933668,0.8914534749084669
