Split #,Precision,Recall,F1
0,0.9995102422786248,0.9995702480883046,0.9995402442828764
